,Cities,Country,Temperature,Min Temp,Max Temp,Humidity,Cloudiness,Wind Speed,Longitude,Latitude,Date
0,Geraldton,CA,32.0,32.0,32.0,86,75,4.7,-86.95,49.72,2019-10-03 02:53:27
1,Codrington,AU,77.45,71.6,80.6,32,0,3.36,153.24,-28.95,2019-10-03 03:00:26
2,Port Elizabeth,US,77.65,73.99,81.0,73,75,5.44,-74.98,39.31,2019-10-03 02:54:09
3,Saint George,GR,58.87,57.2,60.8,77,20,5.82,22.34,39.45,2019-10-03 02:54:11
4,Cuilco,GT,57.69,57.69,57.69,92,95,3.24,-91.95,15.41,2019-10-03 03:00:30
5,Ancud,CL,33.8,33.8,33.8,75,0,6.93,-73.83,-41.87,2019-10-03 02:53:44
6,Busselton,AU,75.0,75.0,75.0,38,100,15.32,115.35,-33.64,2019-10-03 02:53:39
7,Rikitea,PF,64.39,64.39,64.39,76,90,9.8,-134.97,-23.12,2019-10-03 02:52:12
8,Tasiilaq,GL,41.0,41.0,41.0,60,100,31.09,-37.64,65.61,2019-10-03 02:54:15
9,Meadow Lake,CA,34.65,34.65,34.65,87,0,4.23,-108.44,54.13,2019-10-03 02:55:18
10,Sheridan,US,49.57,46.0,54.0,71,1,12.75,-105.03,39.65,2019-10-03 02:59:22
11,Severo-Kurilsk,RU,48.01,48.01,48.01,96,100,14.41,156.12,50.68,2019-10-03 02:54:14
12,Vorukh,KG,53.1,53.1,53.1,62,0,2.04,70.57,39.85,2019-10-03 03:00:39
13,Cape Town,ZA,57.02,53.01,60.01,77,20,3.36,18.42,-33.93,2019-10-03 02:52:47
14,Isangel,VU,80.6,80.6,80.6,54,75,13.87,169.27,-19.55,2019-10-03 02:53:47
15,Mataura,NZ,48.0,48.0,48.0,88,86,8.99,168.86,-46.19,2019-10-03 02:51:01
16,Ushuaia,AR,41.0,41.0,41.0,65,40,31.09,-68.31,-54.81,2019-10-03 02:53:18
17,Olinda,AU,82.06,78.01,86.0,21,0,14.99,145.39,-37.84,2019-10-03 03:00:06
18,Berlevag,NO,37.77,37.77,37.77,78,100,17.52,29.09,70.86,2019-10-03 02:53:16
19,Kavieng,PG,83.06,83.06,83.06,69,41,1.16,150.8,-2.57,2019-10-03 02:54:29
20,Avarua,CK,77.0,77.0,77.0,57,33,8.05,-159.78,-21.21,2019-10-03 02:53:26
21,Hithadhoo,MV,82.35,82.35,82.35,80,95,16.51,73.08,-0.6,2019-10-03 02:50:41
22,Beloha,MG,69.97,69.97,69.97,82,100,10.89,45.06,-25.17,2019-10-03 02:55:34
23,San Antonio,CL,42.8,42.8,42.8,87,0,4.7,-71.61,-33.58,2019-10-03 02:56:24
24,Tiksi,RU,24.57,24.57,24.57,87,100,27.38,128.87,71.64,2019-10-03 02:54:10
25,Nikolskoye,RU,41.34,41.0,42.01,93,90,6.71,30.79,59.7,2019-10-03 02:53:10
26,Khatanga,RU,23.82,23.82,23.82,68,0,8.46,102.47,71.98,2019-10-03 02:54:30
27,Galbshtadt,RU,44.34,44.34,44.34,58,11,4.92,78.98,53.23,2019-10-03 03:00:55
28,Dikson,RU,26.52,26.52,26.52,70,100,24.36,80.55,73.51,2019-10-03 02:52:51
29,Mirnyy,RU,50.37,50.37,50.37,96,100,8.23,36.46,56.57,2019-10-03 03:00:58
30,Bundaberg,AU,78.01,77.0,79.0,44,0,12.75,152.35,-24.87,2019-10-03 02:56:28
31,Westport,US,66.85,62.01,71.6,93,90,17.22,-73.36,41.14,2019-10-03 03:01:00
32,Butaritari,KI,84.87,84.87,84.87,59,100,2.44,172.79,3.07,2019-10-03 02:53:28
33,Jamestown,AU,83.45,83.45,83.45,19,12,1.45,138.6,-33.21,2019-10-03 02:49:58
34,Bredasdorp,ZA,51.8,51.8,51.8,87,36,5.82,20.04,-34.53,2019-10-03 02:52:25
35,Dubbo,AU,84.2,84.2,84.2,16,0,8.05,148.6,-32.25,2019-10-03 02:54:27
36,Taoudenni,ML,86.84,86.84,86.84,11,0,3.89,-3.98,22.68,2019-10-03 02:53:20
37,Jefferson City,US,77.49,75.2,79.0,83,1,6.93,-92.17,38.58,2019-10-03 03:00:09
38,Provideniya,RU,39.2,39.2,39.2,80,75,17.9,-173.23,64.42,2019-10-03 02:52:41
39,Hamilton,CA,52.29,48.99,55.0,87,90,13.87,-79.87,43.26,2019-10-03 02:50:42
40,Pimentel,BR,73.37,73.37,73.37,88,0,2.86,-45.5,-3.7,2019-10-03 02:53:39
41,Georgetown,GY,77.0,77.0,77.0,94,0,2.24,-58.16,6.8,2019-10-03 02:53:40
42,Hermanus,ZA,57.0,57.0,57.0,89,0,6.89,19.24,-34.42,2019-10-03 02:53:31
43,Sorland,NO,44.73,44.73,44.73,54,77,13.35,12.69,67.67,2019-10-03 02:54:07
44,Srednekolymsk,RU,29.04,29.04,29.04,88,100,21.07,153.71,67.46,2019-10-03 02:53:49
45,Punta Arenas,CL,41.0,41.0,41.0,77,0,29.97,-70.91,-53.16,2019-10-03 02:53:13
46,East London,ZA,66.41,66.41,66.41,26,67,5.28,27.91,-33.02,2019-10-03 02:53:52
47,Bayreuth,DE,41.47,37.4,45.0,93,20,6.93,11.58,49.94,2019-10-03 03:01:18
48,Hovd,NO,40.87,37.99,43.0,93,90,6.93,10.7,63.83,2019-10-03 02:54:52
49,Albany,US,49.82,45.0,54.0,71,90,8.05,-73.75,42.65,2019-10-03 02:49:48
50,Turka,RU,42.5,42.5,42.5,52,0,10.51,108.22,52.95,2019-10-03 03:01:21
51,Nanortalik,GL,41.48,41.48,41.48,75,100,1.52,-45.24,60.14,2019-10-03 02:52:48
52,La Ronge,CA,41.0,41.0,41.0,81,5,6.93,-105.3,55.1,2019-10-03 02:55:21
53,Pinega,RU,31.9,31.9,31.9,86,0,6.85,43.39,64.7,2019-10-03 03:01:25
54,Henties Bay,NA,57.23,57.23,57.23,93,0,7.87,14.28,-22.12,2019-10-03 02:55:12
55,Sinnamary,GF,81.54,81.54,81.54,82,87,21.21,-52.96,5.38,2019-10-03 03:01:27
56,Bayji,IQ,76.07,76.07,76.07,28,0,4.74,43.49,34.93,2019-10-03 03:01:28
57,Saldanha,PT,55.57,55.57,55.57,62,100,1.3,-6.55,41.42,2019-10-03 02:52:55
58,Yumen,CN,56.54,56.54,56.54,22,93,17.94,97.04,40.29,2019-10-03 02:54:43
59,Hasaki,JP,81.23,78.8,86.0,69,75,9.17,140.83,35.73,2019-10-03 02:53:43
60,Ilulissat,GL,46.4,46.4,46.4,33,0,21.92,-51.1,69.22,2019-10-03 02:53:30
61,Jumla,NP,56.58,56.58,56.58,74,60,1.95,82.18,29.28,2019-10-03 02:55:23
62,Sao Joao de Pirabas,BR,73.84,73.84,73.84,91,0,3.22,-47.18,-0.77,2019-10-03 03:01:35
63,Bluff,AU,80.75,80.75,80.75,29,0,13.24,149.07,-23.58,2019-10-03 02:53:26
64,Poum,MK,51.8,51.8,51.8,87,40,3.36,20.71,41.28,2019-10-03 02:53:23
65,West Bay,CA,54.25,51.01,57.0,81,90,4.7,-123.21,49.34,2019-10-03 02:55:19
66,Kapaa,US,84.18,80.01,87.8,70,40,16.11,-159.32,22.08,2019-10-03 02:53:18
67,Byron Bay,AU,76.51,71.6,80.6,49,0,14.99,153.62,-28.65,2019-10-03 03:01:41
68,Tuktoyaktuk,CA,35.6,35.6,35.6,93,90,12.75,-133.03,69.44,2019-10-03 02:53:25
69,Barrow,AR,36.2,36.2,36.2,78,0,7.31,-60.23,-38.31,2019-10-03 02:53:30
70,Manzanillo,MX,82.4,82.4,82.4,78,75,2.37,-104.32,19.05,2019-10-03 02:57:46
71,Chokurdakh,RU,27.04,27.04,27.04,88,97,12.86,147.9,70.62,2019-10-03 02:53:42
72,Fare,PF,77.22,77.22,77.22,79,1,16.28,-151.02,-16.7,2019-10-03 03:01:46
73,Carnarvon,ZA,49.65,49.65,49.65,31,61,2.46,22.13,-30.97,2019-10-03 02:52:12
74,Morehead,US,75.15,69.8,82.4,64,1,4.45,-83.43,38.18,2019-10-03 03:01:49
75,Chuy,UY,56.88,56.88,56.88,76,97,18.07,-53.46,-33.69,2019-10-03 02:53:44
76,Kutum,SD,73.86,73.86,73.86,52,78,3.04,24.66,14.2,2019-10-03 03:01:51
77,Ahipara,NZ,61.0,61.0,61.0,76,100,15.5,173.16,-35.17,2019-10-03 02:54:38
78,Bloomingdale,US,59.31,57.0,61.0,87,90,8.05,-88.08,41.96,2019-10-03 02:57:34
79,Qaanaaq,GL,21.19,21.19,21.19,71,26,4.09,-69.36,77.48,2019-10-03 02:53:32
80,Yellowknife,CA,48.09,48.0,48.2,66,75,8.05,-114.38,62.45,2019-10-03 02:48:23
81,Hambantota,LK,75.2,75.2,75.2,100,40,2.24,81.12,6.12,2019-10-03 03:01:57
82,Vanino,RU,48.0,48.0,48.0,84,32,1.99,40.55,53.93,2019-10-03 03:01:58
83,Rawson,AR,48.33,48.33,48.33,23,0,7.43,-65.11,-43.3,2019-10-03 02:52:39
84,Dingle,PH,85.61,85.61,85.61,67,89,5.17,122.67,11.0,2019-10-03 02:54:12
85,Urusha,RU,42.0,42.0,42.0,29,0,4.21,122.9,54.05,2019-10-03 03:02:01
86,Bathsheba,BB,82.4,82.4,82.4,74,40,16.11,-59.52,13.22,2019-10-03 02:54:12
87,Faanui,PF,77.78,77.78,77.78,78,9,14.76,-151.75,-16.48,2019-10-03 02:51:43
88,Xai-Xai,MZ,57.93,57.93,57.93,92,0,2.42,33.64,-25.04,2019-10-03 03:02:05
89,Saskylakh,RU,19.39,19.39,19.39,76,4,0.87,114.09,71.97,2019-10-03 02:54:36
90,Tandalti,SD,81.56,81.56,81.56,60,40,5.26,31.87,13.01,2019-10-03 03:02:07
91,Beringovskiy,RU,36.45,36.45,36.45,64,95,3.09,179.32,63.05,2019-10-03 02:52:59
92,Kodiak,US,57.96,55.99,60.8,93,90,6.93,-94.76,39.95,2019-10-03 02:52:31
93,Komsomolskiy,RU,38.61,38.61,38.61,87,100,15.64,63.78,67.55,2019-10-03 02:54:32
94,Avera,US,78.6,75.2,80.6,74,1,4.56,-82.53,33.19,2019-10-03 02:55:08
95,Hobart,AU,76.66,71.01,82.99,31,0,10.29,147.33,-42.88,2019-10-03 02:51:32
96,Lebu,ET,57.2,57.2,57.2,82,75,4.7,38.73,8.96,2019-10-03 02:54:32
97,Necochea,AR,42.01,42.01,42.01,67,0,1.99,-58.74,-38.55,2019-10-03 03:02:15
98,Saint Anthony,US,37.27,30.2,44.6,56,1,5.82,-111.68,43.97,2019-10-03 03:02:17
99,Lipin Bor,RU,37.05,37.05,37.05,98,100,3.38,37.97,60.26,2019-10-03 03:02:18
100,Slave Lake,CA,48.2,48.2,48.2,67,1,10.29,-114.77,55.28,2019-10-03 02:57:27
101,Ushtobe,KZ,50.64,50.64,50.64,58,0,9.37,77.98,45.25,2019-10-03 03:02:20
102,Gorontalo,ID,86.44,86.44,86.44,60,26,8.43,123.06,0.54,2019-10-03 03:02:22
103,Fortuna,US,52.92,51.01,54.0,76,1,8.05,-124.16,40.6,2019-10-03 02:54:07
104,Katsuura,JP,75.65,73.4,78.8,78,75,33.33,134.5,33.93,2019-10-03 02:54:22
105,Nelson Bay,AU,77.77,72.0,84.2,20,0,11.41,152.14,-32.72,2019-10-03 02:53:14
106,Nemuro,JP,66.2,66.2,66.2,82,75,12.75,145.57,43.32,2019-10-03 02:54:23
107,San Jose,HN,73.4,73.4,73.4,88,75,8.05,-87.96,14.25,2019-10-03 02:59:17
108,Livramento,BR,83.34,82.4,84.2,74,20,2.24,-60.18,-3.03,2019-10-03 03:02:28
109,Carmen,PH,88.81,87.8,90.0,66,20,4.7,125.71,7.36,2019-10-03 03:02:30
110,Ostrovnoy,RU,34.1,34.1,34.1,76,93,19.24,39.51,68.05,2019-10-03 02:53:35
111,Mabaruma,GY,73.86,73.86,73.86,95,100,1.63,-59.78,8.2,2019-10-03 02:54:23
112,Bam,IR,63.54,63.54,63.54,26,90,3.38,58.36,29.11,2019-10-03 03:02:33
113,Todos Santos,MX,78.15,75.0,80.01,69,20,6.93,-110.23,23.45,2019-10-03 02:55:11
114,Troitskoye,RU,41.17,41.17,41.17,47,0,4.34,84.68,52.98,2019-10-03 03:02:35
115,Antofagasta,CL,57.2,57.2,57.2,82,90,4.7,-70.4,-23.65,2019-10-03 02:52:48
116,Morristown,US,71.53,66.0,78.01,69,1,1.63,-83.29,36.21,2019-10-03 03:02:38
117,Xiaoweizhai,CN,75.14,75.14,75.14,62,6,8.7,107.51,26.23,2019-10-03 03:02:39
118,New Norfolk,AU,76.64,71.01,82.99,31,0,10.29,147.06,-42.78,2019-10-03 02:53:12
119,Sriperumbudur,IN,86.0,86.0,86.0,79,40,6.93,79.95,12.97,2019-10-03 03:02:41
120,Vaini,IN,73.4,73.4,73.4,88,40,0.65,74.49,15.34,2019-10-03 02:53:19
121,Spremberg,DE,43.74,41.0,46.4,81,75,12.75,14.37,51.57,2019-10-03 03:02:43
122,College,US,36.1,33.01,37.99,100,90,9.17,-147.8,64.86,2019-10-03 02:53:46
123,Tiarei,PF,80.31,80.01,80.6,65,20,12.75,-149.33,-17.53,2019-10-03 02:53:36
124,Iracoubo,GF,76.88,76.88,76.88,83,69,7.11,-53.21,5.48,2019-10-03 03:02:47
125,Lorengau,PG,82.91,82.91,82.91,75,87,2.28,147.27,-2.02,2019-10-03 02:53:10
126,Polunochnoye,RU,41.82,41.82,41.82,89,100,6.73,60.43,60.87,2019-10-03 03:02:49
127,Cody,US,36.95,32.0,41.0,60,1,6.93,-109.06,44.53,2019-10-03 03:02:50
128,Salalah,OM,78.8,78.8,78.8,83,40,3.36,54.1,17.01,2019-10-03 02:51:22
129,Changli,CN,70.65,70.65,70.65,94,100,5.06,105.42,30.54,2019-10-03 03:02:53
130,Laguna,BZ,78.8,78.8,78.8,94,75,1.5,-88.94,16.17,2019-10-03 02:53:48
131,Puerto Ayora,EC,68.0,68.0,68.0,91,47,1.01,-90.35,-0.74,2019-10-03 02:51:10
132,Port Lincoln,AU,57.41,57.41,57.41,84,28,11.52,135.86,-34.72,2019-10-03 02:54:02
133,Manali,IN,34.22,34.22,34.22,62,0,2.55,77.19,32.25,2019-10-03 03:02:57
134,Kaitangata,NZ,53.01,53.01,53.01,59,81,11.01,169.85,-46.28,2019-10-03 02:54:21
135,Mar del Plata,AR,46.48,46.48,46.48,37,0,7.56,-67.52,-46.43,2019-10-03 02:53:34
136,Harper,US,77.67,75.2,80.6,51,1,7.0,-99.24,30.3,2019-10-03 02:55:14
137,Kyren,RU,25.17,25.17,25.17,64,0,3.76,102.13,51.68,2019-10-03 03:03:02
138,Cabo San Lucas,MX,78.06,75.0,80.01,69,20,6.93,-109.91,22.89,2019-10-03 02:50:33
139,Vardo,US,76.3,72.0,81.0,78,90,1.43,-77.74,39.62,2019-10-03 02:54:48
140,Aras,ES,53.49,51.8,55.99,93,100,6.93,-2.36,42.56,2019-10-03 03:03:05
141,Pando,UY,52.27,51.01,54.0,57,0,13.87,-55.96,-34.72,2019-10-03 03:03:07
142,Magadan,RU,36.83,36.83,36.83,65,100,6.85,150.8,59.56,2019-10-03 03:03:08
143,Emba,CY,65.01,61.0,68.0,82,90,6.93,32.42,34.81,2019-10-03 02:54:02
144,Inongo,CD,72.09,72.09,72.09,85,58,2.3,18.29,-1.93,2019-10-03 03:03:10
145,Atuona,PF,80.09,80.09,80.09,72,24,8.16,-139.03,-9.8,2019-10-03 02:58:51
146,Danielskuil,ZA,57.15,57.15,57.15,42,0,21.74,23.54,-28.19,2019-10-03 03:03:12
147,Mayo,CA,50.0,50.0,50.0,46,75,1.79,-135.9,63.59,2019-10-03 03:03:14
148,Lompoc,US,60.04,55.0,63.0,54,1,4.7,-120.46,34.64,2019-10-03 02:52:53
149,Saint-Philippe,CA,42.39,37.99,46.0,75,1,9.17,-73.48,45.36,2019-10-03 03:03:16
150,La Spezia,IT,57.9,54.0,64.0,93,0,4.7,9.83,44.11,2019-10-03 03:00:20
151,Lesnoy,RU,45.36,45.36,45.36,90,100,8.99,52.13,59.78,2019-10-03 03:03:19
152,Omboue,GA,76.95,76.95,76.95,75,100,7.67,9.26,-1.57,2019-10-03 03:03:20
153,Bethel,US,49.37,48.2,51.8,87,90,8.05,-161.76,60.79,2019-10-03 02:53:21
154,Ribeira Grande,PT,69.54,69.54,69.54,68,100,8.68,-28.7,38.52,2019-10-03 02:50:41
155,Rapid City,US,38.44,33.01,42.01,100,90,6.93,-103.23,44.08,2019-10-03 03:00:00
156,Barrancabermeja,CO,73.88,73.88,73.88,98,82,0.27,-73.85,7.07,2019-10-03 03:03:02
157,Celestun,MX,82.21,82.21,82.21,79,0,15.93,-90.4,20.87,2019-10-03 03:03:25
158,Chicama,PE,62.6,62.6,62.6,88,40,11.41,-79.15,-7.84,2019-10-03 02:52:22
159,Sumalig,PH,90.17,90.17,90.17,57,16,1.52,123.66,8.0,2019-10-03 03:03:28
160,Whitianga,NZ,57.99,57.99,57.99,66,100,8.99,175.7,-36.83,2019-10-03 03:03:29
161,Kudahuvadhoo,MV,83.38,83.38,83.38,75,100,7.96,72.89,2.67,2019-10-03 02:54:17
162,Pangnirtung,CA,23.26,23.26,23.26,70,0,3.91,-65.72,66.15,2019-10-03 03:03:31
163,Ternate,PH,84.15,82.4,86.0,74,40,6.93,120.72,14.29,2019-10-03 02:54:25
164,Norman Wells,CA,46.4,46.4,46.4,93,75,3.36,-126.83,65.28,2019-10-03 03:03:34
165,Teya,MX,82.24,82.0,82.4,78,40,4.7,-89.07,21.05,2019-10-03 03:03:35
166,Alta Floresta,BR,71.5,71.5,71.5,85,24,2.1,-56.08,-9.87,2019-10-03 02:54:51
167,Cayenne,GF,78.8,78.8,78.8,83,0,6.08,-52.33,4.94,2019-10-03 02:55:07
168,Mineral Wells,US,81.68,78.01,84.99,57,1,6.93,-98.11,32.81,2019-10-03 03:03:38
169,Karratha,AU,98.91,98.91,98.91,14,0,4.16,116.85,-20.74,2019-10-03 02:53:28
170,Denpasar,ID,84.2,84.2,84.2,79,20,10.29,115.22,-8.65,2019-10-03 03:01:33
171,Souillac,FR,51.28,48.99,53.01,93,0,8.66,-0.6,45.6,2019-10-03 02:54:24
172,Hilo,US,72.97,53.01,84.2,58,75,5.82,-155.08,19.71,2019-10-03 02:51:33
173,Gao,ML,86.03,86.03,86.03,42,59,8.32,-0.04,16.28,2019-10-03 03:03:44
174,Valley City,US,36.09,33.8,37.4,100,90,6.93,-98.0,46.92,2019-10-03 03:00:03
175,Vestmannaeyjar,IS,47.74,47.74,47.74,75,100,47.51,-20.27,63.44,2019-10-03 02:54:32
176,Lamu,CN,50.58,50.58,50.58,64,100,5.93,102.37,35.77,2019-10-03 03:03:47
177,Lagoa,PT,60.26,59.0,61.0,82,0,3.36,-8.45,37.14,2019-10-03 03:03:48
178,Airai,TL,93.57,93.57,93.57,32,0,3.29,125.41,-8.93,2019-10-03 03:03:50
179,Diffa,NE,83.52,83.52,83.52,54,100,15.3,12.61,13.32,2019-10-03 03:03:51
180,Melk,AT,45.59,42.01,48.0,95,100,8.01,15.34,48.23,2019-10-03 03:03:52
181,Kenai,US,49.35,46.0,51.8,57,40,4.7,-151.26,60.55,2019-10-03 03:03:38
182,Luderitz,NA,55.23,55.23,55.23,93,0,24.07,15.16,-26.65,2019-10-03 02:51:57
183,Chupa,PE,42.43,42.43,42.43,86,59,3.04,-69.99,-15.11,2019-10-03 03:03:55
184,Baculin,PH,83.51,83.51,83.51,65,3,6.33,126.58,7.45,2019-10-03 03:03:57
185,Sambava,MG,69.45,69.45,69.45,87,96,3.76,50.17,-14.27,2019-10-03 03:03:58
186,Paamiut,GL,47.27,47.27,47.27,52,94,13.11,-49.67,61.99,2019-10-03 03:03:06
187,Torbay,CA,39.81,39.0,41.0,93,90,10.29,-52.73,47.66,2019-10-03 03:04:00
188,Myrtle Grove,US,80.38,78.01,82.4,61,1,4.7,-91.27,33.31,2019-10-03 03:04:02
189,San Patricio,PY,67.31,67.31,67.31,94,100,6.38,-56.83,-26.98,2019-10-03 03:04:03
190,Porto Walter,BR,75.5,75.5,75.5,73,100,1.01,-72.74,-8.27,2019-10-03 03:04:04
191,Caravelas,BR,69.81,69.81,69.81,78,0,7.87,-39.27,-17.73,2019-10-03 03:00:14
192,Agadir,MA,64.4,64.4,64.4,77,0,4.7,-9.58,30.42,2019-10-03 03:04:06
193,Si Sa Ket,TH,85.98,84.2,89.01,79,40,4.7,104.33,15.12,2019-10-03 02:54:10
194,Constitucion,MX,60.85,59.0,63.0,82,90,10.29,-104.67,23.99,2019-10-03 02:54:10
195,Klaksvik,FO,42.8,42.8,42.8,81,5,1.12,-6.59,62.23,2019-10-03 03:04:10
196,Victoria,BN,85.08,84.0,86.0,74,75,2.24,115.24,5.28,2019-10-03 02:59:40
197,Sao Joao da Barra,BR,65.27,65.27,65.27,97,5,1.54,-41.05,-21.64,2019-10-03 03:02:33
198,Namibe,AO,64.93,64.93,64.93,82,53,6.58,12.15,-15.19,2019-10-03 02:55:13
199,Trairi,BR,73.35,73.35,73.35,82,28,7.0,-39.27,-3.28,2019-10-03 03:04:14
200,Iqaluit,CA,32.0,32.0,32.0,92,20,6.93,-68.52,63.75,2019-10-03 03:04:16
201,Kruisfontein,ZA,58.29,58.29,58.29,74,100,16.28,24.73,-34.0,2019-10-03 02:54:29
202,Mount Isa,AU,93.2,93.2,93.2,20,0,13.87,139.49,-20.73,2019-10-03 03:04:18
203,Pevek,RU,29.27,29.27,29.27,72,100,7.85,170.27,69.7,2019-10-03 03:04:19
204,Shimoda,JP,77.9,73.99,80.6,61,75,11.41,138.93,34.7,2019-10-03 03:04:20
205,Bontang,ID,91.46,91.46,91.46,52,7,2.84,117.47,0.12,2019-10-03 03:04:22
206,Port Augusta,AU,72.7,62.6,84.99,72,0,8.05,137.76,-32.49,2019-10-03 03:04:23
207,Amambai,BR,72.11,72.11,72.11,82,100,3.38,-55.23,-23.11,2019-10-03 03:04:24
208,Arraial do Cabo,BR,69.41,69.41,69.41,84,0,26.8,-42.02,-22.97,2019-10-03 03:04:26
209,Okakarara,NA,51.14,51.14,51.14,18,24,5.1,17.46,-20.59,2019-10-03 03:04:27
210,Clyde River,CA,32.0,32.0,32.0,98,75,4.7,-68.59,70.47,2019-10-03 02:55:02
211,Kaeng Khoi,TH,89.1,87.01,91.0,76,88,3.0,101.0,14.59,2019-10-03 03:04:29
212,Half Moon Bay,US,58.87,54.0,62.6,76,1,9.17,-122.43,37.46,2019-10-03 03:02:10
213,Marzuq,YE,70.58,70.58,70.58,65,4,1.36,46.47,14.4,2019-10-03 03:04:32
214,Yerbogachen,RU,33.77,33.77,33.77,95,100,11.92,108.01,61.28,2019-10-03 02:53:17
215,Port Alfred,ZA,63.0,63.0,63.0,86,0,11.01,26.89,-33.59,2019-10-03 03:04:34
216,San Policarpo,PH,84.78,84.78,84.78,66,99,6.11,125.51,12.18,2019-10-03 03:04:35
217,Svetlogorsk,RU,41.0,41.0,41.0,60,40,8.95,59.15,53.14,2019-10-03 02:55:17
218,Upernavik,GL,37.19,37.19,37.19,68,100,10.69,-56.15,72.79,2019-10-03 03:04:37
219,San Buenaventura,MX,76.94,76.94,76.94,62,53,7.65,-101.55,27.06,2019-10-03 03:04:39
220,Port-Gentil,GA,77.53,77.53,77.53,75,100,8.72,8.78,-0.72,2019-10-03 03:04:40
221,Nilokheri,IN,78.25,78.25,78.25,72,23,5.06,76.93,29.84,2019-10-03 03:04:41
222,Shache,CN,64.64,64.64,64.64,30,85,6.06,77.24,38.42,2019-10-03 03:04:42
223,Havre-Saint-Pierre,CA,35.6,35.6,35.6,69,20,8.05,-63.6,50.23,2019-10-03 03:04:44
224,Tarakan,ID,86.46,86.46,86.46,60,25,3.87,117.63,3.3,2019-10-03 03:04:45
225,Ati,TD,82.21,82.21,82.21,60,87,8.05,18.34,13.21,2019-10-03 03:00:19
226,Dhidhdhoo,MV,82.62,82.62,82.62,72,0,7.23,73.1,6.88,2019-10-03 03:04:47
227,Arkansas City,US,64.78,59.0,72.0,100,90,12.75,-97.04,37.06,2019-10-03 03:04:49
228,Ballina,IE,46.45,45.0,48.0,80,100,5.99,-9.15,54.11,2019-10-03 03:04:50
229,Francisco Sa,BR,73.4,73.4,73.4,40,0,3.36,-43.49,-16.48,2019-10-03 03:04:51
230,Cheremukhovo,RU,53.59,53.59,53.59,91,95,9.33,46.23,56.23,2019-10-03 03:04:52
231,Akdepe,TM,44.6,44.6,44.6,56,0,4.7,59.39,42.05,2019-10-03 03:04:54
232,Arzamas,RU,50.42,50.42,50.42,90,100,8.55,43.84,55.4,2019-10-03 03:04:55
233,Isla Mujeres,MX,80.35,80.01,80.6,83,40,2.24,-86.73,21.23,2019-10-03 03:04:36
234,Broken Hill,AU,87.8,87.8,87.8,10,0,19.46,141.45,-31.97,2019-10-03 03:04:57
235,Takoradi,GH,73.26,73.26,73.26,96,100,1.92,-1.75,4.89,2019-10-03 03:04:58
236,Noumea,NC,77.41,75.99,78.8,44,75,21.92,166.46,-22.28,2019-10-03 03:05:00
237,Algiers,US,79.99,77.0,84.0,94,20,4.7,-90.04,29.94,2019-10-03 03:05:01
238,Cordoba,AR,43.78,43.78,43.78,36,0,5.12,-67.24,-27.78,2019-10-03 03:05:02
239,Cassilandia,BR,70.6,70.6,70.6,90,100,6.04,-51.73,-19.11,2019-10-03 03:02:51
240,Puerto Escondido,MX,74.97,74.97,74.97,85,38,3.31,-97.07,15.86,2019-10-03 03:05:05
241,Gamba,CN,37.46,37.46,37.46,66,79,3.78,88.52,28.28,2019-10-03 03:05:06
242,Roswell,US,70.97,68.0,73.4,94,75,6.93,-104.52,33.39,2019-10-03 03:01:15
243,Sisimiut,GL,41.69,41.69,41.69,63,0,3.78,-53.67,66.94,2019-10-03 03:04:44
244,Petropavlovsk-Kamchatskiy,RU,57.2,57.2,57.2,67,75,6.71,158.65,53.05,2019-10-03 03:05:09
245,Marawi,PH,84.0,84.0,84.0,77,14,5.01,124.29,8.0,2019-10-03 03:00:50
246,Esperance,AU,68.0,68.0,68.0,56,67,13.87,121.89,-33.86,2019-10-03 02:55:12
247,Buin,CL,50.0,50.0,50.0,53,0,8.05,-70.74,-33.73,2019-10-03 03:05:13
248,Altamont,CA,39.63,39.2,39.99,107,90,8.05,-98.5,49.4,2019-10-03 03:05:14
249,Honiara,SB,87.8,87.8,87.8,62,40,5.82,159.96,-9.43,2019-10-03 03:05:15
250,Hami,CN,59.94,59.94,59.94,21,0,7.02,93.51,42.84,2019-10-03 03:01:48
251,Luorong,CN,86.12,86.12,86.12,52,0,5.3,109.6,24.41,2019-10-03 03:05:18
252,Alamogordo,US,63.07,54.0,73.4,31,1,5.82,-105.96,32.9,2019-10-03 03:05:19
253,Vitim,RU,33.07,33.07,33.07,92,100,12.73,112.57,59.44,2019-10-03 03:05:20
254,Taldan,RU,39.93,39.93,39.93,31,0,7.23,124.82,53.69,2019-10-03 03:05:21
255,Ormara,PK,81.89,81.89,81.89,74,87,8.97,64.64,25.21,2019-10-03 03:05:22
256,Castro,CL,33.8,33.8,33.8,94,0,6.93,-73.76,-42.48,2019-10-03 03:05:23
257,Baykit,RU,35.97,35.97,35.97,99,100,5.73,96.39,61.68,2019-10-03 03:05:25
258,San Cristobal,HN,66.62,66.62,66.62,95,100,3.65,-86.92,14.68,2019-10-03 03:05:26
259,Shuya,RU,45.4,45.4,45.4,90,91,5.23,41.38,56.84,2019-10-03 03:05:27
260,Vaitape,PF,77.78,77.78,77.78,78,9,14.76,-151.75,-16.52,2019-10-03 03:05:29
261,Plettenberg Bay,ZA,58.32,58.32,58.32,88,100,7.43,23.37,-34.05,2019-10-03 03:05:30
262,Barsovo,RU,48.2,48.2,48.2,81,40,13.42,73.17,61.17,2019-10-03 03:05:31
263,Shu,KZ,54.98,54.98,54.98,37,0,1.79,73.76,43.6,2019-10-03 03:05:32
264,Sao Filipe,CV,77.39,77.39,77.39,86,0,10.92,-24.5,14.9,2019-10-03 03:05:34
265,Walvis Bay,NA,55.4,55.4,55.4,93,0,9.17,14.51,-22.95,2019-10-03 03:05:35
266,Pisco,PE,63.28,62.6,64.0,82,0,8.05,-76.2,-13.71,2019-10-03 03:05:36
267,Taltal,CL,50.48,50.48,50.48,86,0,1.16,-70.49,-25.41,2019-10-03 03:05:37
268,Burns Lake,CA,39.19,39.19,39.19,98,100,1.3,-125.76,54.23,2019-10-03 03:05:38
269,Katobu,ID,91.86,91.86,91.86,41,25,8.03,122.53,-4.94,2019-10-03 03:05:40
270,Tuatapere,NZ,48.0,48.0,48.0,89,67,10.0,167.69,-46.13,2019-10-03 03:05:41
271,Rafaela,AR,57.0,57.0,57.0,55,5,5.99,-61.49,-31.25,2019-10-03 03:00:42
272,Pontes e Lacerda,BR,75.68,75.68,75.68,64,32,2.28,-59.33,-15.23,2019-10-03 03:05:43
273,Imbituba,BR,69.8,69.8,69.8,94,40,6.93,-48.67,-28.24,2019-10-03 03:05:44
274,Augusta,US,42.82,39.0,46.4,75,1,9.17,-69.78,44.31,2019-10-03 03:05:46
275,Labuhan,ID,91.07,91.07,91.07,53,0,1.77,115.51,-2.54,2019-10-03 03:05:47
276,Dubrovnik,HR,60.62,59.0,62.6,77,0,8.05,18.09,42.65,2019-10-03 03:01:08
277,Jacareacanga,BR,73.52,73.52,73.52,90,32,2.24,-57.76,-6.22,2019-10-03 03:05:49
278,Whitehorse,CA,44.28,39.99,50.0,46,75,8.05,-135.06,60.72,2019-10-03 03:03:08
279,Ketchikan,US,51.8,51.8,51.8,87,90,4.7,-131.65,55.34,2019-10-03 03:05:52
280,Palmer,AU,68.23,62.6,73.0,67,20,10.29,139.16,-34.85,2019-10-03 03:05:53
281,Manokwari,ID,79.13,79.13,79.13,72,16,4.85,134.08,-0.87,2019-10-03 03:05:41
282,Zambezi,ZM,64.59,64.59,64.59,65,43,2.62,23.12,-13.55,2019-10-03 03:05:55
283,Hualmay,PE,61.24,61.24,61.24,91,10,14.94,-77.61,-11.1,2019-10-03 03:05:57
284,Cartagena,ES,66.25,62.6,69.01,82,74,3.36,-1.0,37.63,2019-10-03 03:01:16
285,Sitka,US,56.03,55.0,57.0,94,89,11.01,-99.65,37.17,2019-10-03 03:05:38
286,Vao,EE,41.98,41.98,41.98,85,94,4.7,26.19,59.1,2019-10-03 03:06:00
287,Kibondo,TZ,63.78,63.78,63.78,90,24,1.01,30.72,-3.59,2019-10-03 03:06:01
288,Makasar,ID,89.53,87.8,91.99,58,20,4.7,106.88,-6.28,2019-10-03 03:06:02
289,Tura,RU,35.32,35.32,35.32,96,100,7.09,100.22,64.27,2019-10-03 03:02:03
290,Severnoye,RU,45.6,45.6,45.6,94,100,10.8,52.54,54.09,2019-10-03 03:06:05
291,Pedernales,EC,74.63,74.63,74.63,82,83,9.22,-80.05,0.07,2019-10-03 03:06:06
292,Mayumba,GA,76.11,76.11,76.11,82,100,7.09,10.65,-3.44,2019-10-03 03:06:07
293,Redcliffe,AU,74.26,72.0,77.0,43,0,8.05,115.94,-31.94,2019-10-03 03:06:08
294,Waingapu,ID,89.03,89.03,89.03,30,1,17.25,120.26,-9.65,2019-10-03 03:06:10
295,Yar-Sale,RU,39.55,39.55,39.55,89,66,10.83,70.83,66.83,2019-10-03 03:06:11
296,Griffith,AU,90.01,89.6,91.0,13,0,17.22,146.06,-34.29,2019-10-03 03:06:12
297,Dunedin,NZ,50.0,50.0,50.0,71,99,11.99,170.5,-45.87,2019-10-03 03:01:50
298,Vesoul,FR,38.68,35.6,39.99,100,90,3.27,6.16,47.62,2019-10-03 03:06:14
299,Mondragone,IT,63.01,60.01,68.0,88,0,3.36,13.89,41.11,2019-10-03 03:06:15
300,Mahebourg,MU,73.18,73.0,73.4,94,75,8.05,57.7,-20.41,2019-10-03 03:05:32
301,Praya,ID,87.8,87.8,87.8,55,20,11.41,116.27,-8.71,2019-10-03 03:06:18
302,Morro Bay,US,60.24,57.0,63.0,82,1,4.56,-120.85,35.37,2019-10-03 03:06:19
303,Manicore,BR,78.34,78.34,78.34,69,33,1.41,-61.3,-5.81,2019-10-03 03:03:07
304,Nemesvamos,HU,49.48,48.2,50.0,76,0,24.16,17.87,47.06,2019-10-03 03:06:21
305,Bradford,GB,37.35,34.0,41.0,93,0,4.7,-1.75,53.79,2019-10-03 03:06:22
306,Mount Gambier,AU,62.6,62.6,62.6,77,90,12.75,140.78,-37.83,2019-10-03 03:06:24
307,Kavaratti,IN,82.4,82.4,82.4,83,20,4.7,72.64,10.57,2019-10-03 03:03:56
308,Bosaso,SO,85.49,85.49,85.49,65,61,16.33,49.18,11.28,2019-10-03 03:04:39
309,Deputatskiy,RU,22.27,22.27,22.27,86,100,25.52,139.9,69.3,2019-10-03 03:06:27
310,Umm Kaddadah,SD,79.01,79.01,79.01,65,94,11.79,26.69,13.6,2019-10-03 03:06:28
311,Aleksandrovskiy Zavod,RU,40.97,40.97,40.97,33,0,8.77,117.94,50.92,2019-10-03 03:06:29
312,Loa Janan,ID,85.02,85.02,85.02,72,65,2.62,117.09,-0.58,2019-10-03 03:06:31
313,Los Llanos de Aridane,ES,76.98,71.6,82.0,88,75,10.29,-17.92,28.66,2019-10-03 03:06:32
314,Caxito,BR,60.56,60.56,60.56,82,0,5.55,-42.51,-22.65,2019-10-03 03:06:33
315,Nyurba,RU,33.61,33.61,33.61,69,100,6.44,118.35,63.29,2019-10-03 03:06:34
316,Alberton,ZA,49.42,48.0,50.0,66,0,9.66,28.13,-26.25,2019-10-03 03:06:35
317,Katherine,AU,95.0,95.0,95.0,14,0,16.11,132.26,-14.47,2019-10-03 03:06:37
318,Alofi,NU,82.4,82.4,82.4,74,75,6.93,-169.92,-19.06,2019-10-03 03:06:19
319,Port Blair,IN,82.17,82.17,82.17,66,48,1.61,92.75,11.67,2019-10-03 03:06:39
320,Cairns,AU,79.12,75.0,82.0,57,75,20.8,145.77,-16.92,2019-10-03 03:02:29
321,Erie,US,57.81,55.0,62.01,82,90,14.99,-80.09,42.13,2019-10-03 03:05:21
322,Darhan,MN,37.46,37.46,37.46,45,0,1.72,105.92,49.49,2019-10-03 03:06:42
323,Jardim,BR,71.03,71.03,71.03,84,61,1.1,-56.15,-21.48,2019-10-03 03:06:44
324,Timra,SE,37.92,36.0,39.2,74,94,5.82,17.33,62.49,2019-10-03 03:06:45
325,Rabo de Peixe,PT,69.58,68.0,71.01,73,75,2.24,-25.58,37.8,2019-10-03 03:06:46
326,Bossier City,US,79.81,75.2,84.2,74,1,2.59,-93.73,32.52,2019-10-03 03:05:17
327,Cacoal,BR,74.49,74.49,74.49,79,2,4.03,-61.44,-11.43,2019-10-03 03:06:48
328,Luang Prabang,LA,78.8,78.8,78.8,88,75,1.99,102.14,19.89,2019-10-03 03:06:15
329,Sola,TZ,68.24,68.24,68.24,67,65,6.49,33.8,-3.17,2019-10-03 03:06:51
330,Havelock,US,76.32,73.0,79.0,83,1,4.7,-76.9,34.88,2019-10-03 03:06:21
331,Cherskiy,RU,27.85,27.85,27.85,56,0,16.93,161.3,68.75,2019-10-03 03:06:53
332,Vagur,FO,47.11,47.11,47.11,73,1,13.96,-6.81,61.47,2019-10-03 03:06:54
333,Lusaka,ZM,66.32,66.32,66.32,72,64,9.15,28.28,-15.42,2019-10-03 03:06:56
334,Conceicao do Araguaia,BR,72.31,72.31,72.31,89,0,3.04,-49.26,-8.26,2019-10-03 03:03:59
335,Bulungu,CD,70.24,70.24,70.24,91,62,0.85,18.6,-4.54,2019-10-03 03:06:58
336,Derac,HT,72.15,72.15,72.15,92,87,3.83,-71.82,19.65,2019-10-03 03:06:59
337,Shingu,JP,78.8,78.8,78.8,69,75,23.04,135.99,33.72,2019-10-03 03:07:00
338,Amga,RU,31.07,31.07,31.07,55,100,8.95,131.98,60.89,2019-10-03 03:07:01
339,Huarmey,PE,61.31,61.31,61.31,90,69,16.96,-78.15,-10.07,2019-10-03 03:07:03
340,Sioux Lookout,CA,39.2,39.2,39.2,77,90,3.36,-91.92,50.1,2019-10-03 03:07:04
341,Lata,IN,39.87,39.87,39.87,56,7,4.83,78.62,30.78,2019-10-03 03:07:05
342,Horizontina,BR,66.0,66.0,66.0,96,99,0.89,-54.31,-27.63,2019-10-03 03:07:06
343,Guerrero Negro,MX,66.59,66.59,66.59,79,0,13.89,-114.04,27.97,2019-10-03 03:07:08
344,Coahuayana,MX,70.58,70.58,70.58,94,100,3.11,-100.35,18.62,2019-10-03 03:07:09
345,Sfantu Gheorghe,RO,58.91,57.0,63.0,87,0,5.82,26.83,44.65,2019-10-03 03:07:10
346,Pitimbu,BR,73.4,73.4,73.4,88,40,4.7,-34.81,-7.47,2019-10-03 03:07:11
347,Fenoarivo,MG,60.8,60.8,60.8,87,75,4.7,47.44,-18.93,2019-10-03 03:07:13
348,Beira,ES,51.21,46.4,55.99,100,100,5.82,-8.36,43.2,2019-10-03 03:07:14
349,Malangwa,CD,70.92,70.92,70.92,93,4,2.13,17.57,-2.84,2019-10-03 03:07:15
350,Kiama,AU,81.03,73.99,86.0,16,20,10.29,150.86,-34.67,2019-10-03 03:07:16
351,Batagay,RU,29.9,29.9,29.9,42,100,9.64,134.64,67.65,2019-10-03 03:07:18
352,Te Anau,NZ,43.98,43.98,43.98,76,8,9.17,167.72,-45.41,2019-10-03 03:07:19
353,Korcula,HR,59.0,59.0,59.0,93,75,4.7,17.14,42.96,2019-10-03 03:07:20
354,Port Saint Lucie,US,78.58,75.0,81.0,74,40,10.29,-80.35,27.29,2019-10-03 03:07:21
355,New Smyrna Beach,US,75.65,71.01,80.01,78,40,4.34,-80.93,29.03,2019-10-03 03:07:23
356,Salina,US,56.62,55.0,57.99,87,90,17.22,-97.61,38.84,2019-10-03 03:02:27
357,Altamirano,AR,47.64,46.99,48.2,76,0,9.17,-58.15,-35.36,2019-10-03 03:07:25
358,Sayyan,YE,66.59,66.59,66.59,74,34,0.85,44.32,15.17,2019-10-03 03:07:26
359,Kahului,US,80.13,75.99,86.0,62,40,26.4,-156.47,20.89,2019-10-03 03:02:10
360,Ponta do Sol,BR,71.37,71.37,71.37,51,0,3.04,-46.0,-20.63,2019-10-03 03:07:28
361,Aswan,EG,78.8,78.8,78.8,27,0,9.17,32.9,24.09,2019-10-03 03:07:30
362,Cockburn Town,TC,82.98,82.98,82.98,68,11,3.76,-71.14,21.46,2019-10-03 03:04:46
363,Portland,US,46.27,39.99,52.0,66,75,8.05,-70.25,43.66,2019-10-03 02:58:59
364,Lavrentiya,RU,34.98,34.98,34.98,80,62,13.53,-170.99,65.58,2019-10-03 03:07:33
365,Oudtshoorn,ZA,59.0,59.0,59.0,87,100,6.93,22.2,-33.59,2019-10-03 03:07:34
366,Hun,BE,42.58,39.99,46.4,86,20,8.05,4.87,50.34,2019-10-03 03:07:35
367,Adwa,ET,60.57,60.57,60.57,74,4,5.39,38.9,14.16,2019-10-03 03:07:37
368,Monster,NL,50.95,46.99,55.0,93,40,6.93,4.17,52.03,2019-10-03 03:07:38
369,Gerash,IR,73.4,73.4,73.4,88,0,3.83,54.14,27.67,2019-10-03 03:07:39
370,Hofn,IS,31.31,31.31,31.31,99,100,13.85,-15.21,64.25,2019-10-03 03:07:40
371,Peniche,PT,57.97,55.99,60.8,82,0,6.93,-9.38,39.36,2019-10-03 03:07:42
372,Tobol,SE,35.71,33.8,37.4,86,52,5.82,12.54,59.83,2019-10-03 03:07:43
373,Aginskoye,RU,43.06,43.06,43.06,34,47,5.08,114.54,51.11,2019-10-03 03:07:44
374,Bad Ems,DE,45.0,41.0,48.0,100,40,10.29,7.71,50.34,2019-10-03 03:07:45
375,Foam Lake,CA,38.15,38.15,38.15,79,11,4.56,-103.53,51.65,2019-10-03 03:07:47
376,Xinmin,CN,60.8,60.8,60.8,82,75,11.18,122.83,42.0,2019-10-03 03:07:48
377,Nantucket,US,56.46,55.0,57.99,87,90,17.22,-70.1,41.28,2019-10-03 03:05:26
378,Aksarayskiy,RU,53.13,53.01,53.6,93,0,4.47,48.01,46.79,2019-10-03 03:07:50
379,Adrar,DZ,80.6,80.6,80.6,11,0,11.41,-0.29,27.87,2019-10-03 03:07:51
380,Phan Thiet,VN,85.29,85.29,85.29,67,32,2.57,108.1,10.93,2019-10-03 03:07:53
381,Arman,RU,32.28,32.28,32.28,71,94,4.47,150.17,59.7,2019-10-03 03:07:54
382,Solton,RU,40.31,40.31,40.31,47,0,4.45,86.48,52.84,2019-10-03 03:07:55
383,Arlit,NE,86.53,86.53,86.53,12,59,10.09,7.39,18.74,2019-10-03 03:07:56
384,Sur,OM,83.56,83.56,83.56,63,0,11.12,59.53,22.57,2019-10-03 03:07:58
385,Villamartin,ES,62.55,61.0,64.0,82,0,1.12,-5.64,36.86,2019-10-03 03:07:59
386,Narsaq,GL,51.8,51.8,51.8,32,100,29.97,-46.05,60.91,2019-10-03 03:08:00
387,Pitsunda,GE,66.25,62.6,69.01,55,0,13.42,40.34,43.16,2019-10-03 03:08:01
388,Hukeri,IN,73.4,73.4,73.4,88,40,3.94,74.6,16.23,2019-10-03 03:08:03
389,Miri,NG,70.35,70.35,70.35,85,89,4.12,9.75,10.31,2019-10-03 03:08:04
390,Mbandaka,CD,68.75,68.75,68.75,98,62,2.57,18.26,0.05,2019-10-03 03:06:03
391,Samarai,PG,76.11,76.11,76.11,92,100,8.34,150.67,-10.62,2019-10-03 03:08:06
392,Morant Bay,JM,82.4,82.4,82.4,78,20,11.41,-76.41,17.88,2019-10-03 03:08:08
393,Ballitoville,ZA,58.87,54.0,62.01,77,0,9.17,31.21,-29.54,2019-10-03 03:08:09
394,Nuuk,GL,50.11,48.0,51.8,34,19,19.46,-51.74,64.17,2019-10-03 03:08:10
395,Eureka,US,52.48,50.0,53.6,76,1,8.05,-124.16,40.8,2019-10-03 03:06:02
396,Lobito,AO,71.23,71.23,71.23,86,94,4.43,13.55,-12.35,2019-10-03 03:08:13
397,Opovo,RS,58.12,57.2,59.0,100,75,8.05,20.43,45.05,2019-10-03 03:08:14
398,Sobolevo,RU,51.48,51.48,51.48,93,95,10.27,31.9,54.43,2019-10-03 03:08:15
399,Road Town,VG,82.72,81.0,84.2,70,40,4.7,-64.62,18.42,2019-10-03 03:05:01
400,Port Hardy,CA,50.0,50.0,50.0,93,90,14.99,-127.42,50.7,2019-10-03 03:08:18
401,Kargala,RU,41.97,41.0,43.0,74,0,7.0,83.96,56.62,2019-10-03 03:08:19
402,Husavik,CA,41.32,39.99,42.01,83,100,5.7,-96.99,50.56,2019-10-03 03:07:58
403,Porto Belo,BR,68.81,66.99,70.0,94,20,4.7,-48.54,-27.15,2019-10-03 03:08:21
404,Soyo,AO,76.65,76.65,76.65,84,100,6.31,12.37,-6.13,2019-10-03 03:08:22
405,Cabedelo,BR,73.4,73.4,73.4,88,40,4.7,-34.84,-6.97,2019-10-03 03:08:24
406,Itoman,JP,84.9,82.4,87.01,79,20,4.7,127.67,26.12,2019-10-03 03:08:25
407,Uppsala,SE,40.53,39.2,42.01,100,100,9.17,17.64,59.86,2019-10-03 03:08:26
408,Misratah,LY,78.32,78.32,78.32,65,31,19.04,15.09,32.38,2019-10-03 03:08:27
409,Ginda,IN,73.4,73.4,73.4,88,40,3.36,78.49,30.69,2019-10-03 03:08:29
410,Dasoguz,TM,41.9,39.2,44.6,80,0,2.24,59.97,41.84,2019-10-03 03:08:30
411,Bambous Virieux,MU,73.2,73.0,73.4,94,75,8.05,57.76,-20.34,2019-10-03 03:08:31
412,Tonantins,BR,75.95,75.95,75.95,85,98,3.51,-67.77,-2.86,2019-10-03 03:08:32
413,Broome,GB,40.55,35.6,46.0,86,1,6.8,1.45,52.47,2019-10-03 03:07:35
414,Bonnyville,CA,46.4,46.4,46.4,49,5,5.82,-110.74,54.27,2019-10-03 03:08:35
415,Khandyga,RU,27.6,27.6,27.6,57,91,2.24,135.58,62.65,2019-10-03 03:08:36
416,Kieta,PG,78.52,78.52,78.52,84,100,5.1,155.63,-6.22,2019-10-03 03:08:37
417,Najran,SA,71.6,71.6,71.6,37,0,2.66,44.22,17.54,2019-10-03 03:08:38
418,Mandera,ET,77.24,77.24,77.24,70,81,5.97,41.86,3.94,2019-10-03 03:08:40
419,Yulara,AU,96.8,96.8,96.8,7,15,11.41,130.99,-25.24,2019-10-03 03:08:41
420,Saint-Claude,FR,42.58,37.99,46.4,75,0,2.24,5.86,46.39,2019-10-03 03:08:42
421,Pajapan,MX,72.31,72.31,72.31,89,74,1.57,-94.69,18.26,2019-10-03 03:08:43
422,Oranjemund,ZA,57.12,57.12,57.12,91,98,12.24,16.43,-28.55,2019-10-03 03:08:45
423,Mweka,CD,69.86,69.86,69.86,90,100,0.56,21.56,-4.85,2019-10-03 03:08:46
424,Ust-Omchug,RU,20.78,20.78,20.78,82,70,5.39,149.63,61.13,2019-10-03 03:08:47
425,Talnakh,RU,35.6,35.6,35.6,93,75,13.42,88.39,69.49,2019-10-03 03:08:48
426,Ewa Beach,US,82.71,77.0,87.8,88,90,10.29,-158.01,21.32,2019-10-03 03:08:49
427,Bongandanga,CD,69.47,69.47,69.47,96,100,1.32,21.07,1.51,2019-10-03 03:08:51
428,Mugur-Aksy,RU,20.06,20.06,20.06,54,0,4.43,90.44,50.38,2019-10-03 03:08:52
429,Mecca,SA,78.39,78.39,78.39,81,26,3.04,39.83,21.43,2019-10-03 03:08:53
430,Billings,US,39.56,37.0,42.8,70,1,8.05,-108.5,45.79,2019-10-03 03:07:54
431,Tazovskiy,RU,42.66,42.66,42.66,97,100,12.86,78.7,67.47,2019-10-03 03:04:33
432,Pavlodar,KZ,35.6,35.6,35.6,80,0,2.24,76.96,52.28,2019-10-03 03:08:57
433,Riyadh,SA,80.6,80.6,80.6,28,0,3.36,46.72,24.63,2019-10-03 03:07:03
434,Angoram,PG,83.94,83.94,83.94,85,59,4.07,144.07,-4.06,2019-10-03 03:08:59
435,Kambove,CD,60.74,60.74,60.74,79,0,6.8,26.6,-10.88,2019-10-03 03:09:00
436,Biak,ID,68.8,68.8,68.8,93,71,3.38,122.88,-0.91,2019-10-03 03:09:01
437,San Luis,AR,57.42,57.42,57.42,18,10,29.75,-66.34,-33.3,2019-10-03 03:09:03
438,Creel,MX,55.57,55.57,55.57,88,12,2.01,-107.63,27.75,2019-10-03 03:09:04
439,Dillon,US,35.55,35.01,36.0,74,1,5.82,-112.64,45.22,2019-10-03 03:09:05
440,Parana,BR,73.4,73.4,73.4,100,75,2.24,-72.89,-7.52,2019-10-03 03:09:06
441,Chiredzi,ZW,58.49,58.49,58.49,91,34,3.89,31.67,-21.05,2019-10-03 03:09:07
442,Singaraja,ID,81.92,81.92,81.92,68,0,6.11,115.08,-8.11,2019-10-03 03:09:09
443,Brae,GB,47.19,46.4,48.2,76,67,10.29,-1.35,60.4,2019-10-03 03:09:10
444,Kidal,ML,83.07,83.07,83.07,48,9,4.81,1.41,18.44,2019-10-03 03:09:11
445,Nome,US,78.42,75.0,84.0,88,1,3.47,-94.42,30.04,2019-10-03 03:06:59
446,Saint-Augustin,CA,42.62,39.0,46.0,75,20,2.24,-73.98,45.63,2019-10-03 03:05:40
447,San Quintin,PH,85.74,85.74,85.74,66,46,4.27,120.52,17.54,2019-10-03 03:09:14
448,Praia,BR,68.0,68.0,68.0,52,0,5.82,-43.81,-20.25,2019-10-03 03:09:16
449,Breytovo,RU,42.48,42.48,42.48,94,100,2.06,37.86,58.3,2019-10-03 03:09:17
450,Gizo,IL,65.44,60.01,71.6,78,0,3.36,34.94,31.8,2019-10-03 03:09:18
451,Bowen,AU,77.0,77.0,77.0,61,40,23.04,148.25,-20.01,2019-10-03 03:09:19
452,Patan,NP,69.8,69.8,69.8,88,75,2.53,85.33,27.67,2019-10-03 03:09:21
453,Parkes,AU,88.0,88.0,88.0,10,50,1.01,148.18,-33.14,2019-10-03 03:02:48
454,Basco,US,68.5,63.0,77.0,100,90,5.82,-91.2,40.33,2019-10-03 03:09:23
455,Udachnyy,RU,24.8,24.8,24.8,92,90,4.47,112.4,66.42,2019-10-03 03:09:24
456,Panaba,MX,79.04,79.04,79.04,90,0,7.23,-88.27,21.28,2019-10-03 03:09:25
457,Uyuni,BO,44.88,44.88,44.88,25,0,2.1,-66.82,-20.46,2019-10-03 03:09:27
458,Itarema,BR,75.05,75.05,75.05,81,0,9.22,-39.92,-2.92,2019-10-03 03:09:28
459,Imeni Babushkina,RU,39.48,39.48,39.48,96,87,3.98,43.13,59.76,2019-10-03 03:09:29
460,Madimba,CM,75.2,75.2,75.2,100,75,3.36,9.93,4.42,2019-10-03 03:09:30
461,Ayr,AU,80.01,80.01,80.01,61,79,10.0,147.4,-19.58,2019-10-03 03:09:32
462,Tarauaca,BR,74.85,74.85,74.85,75,83,0.27,-70.77,-8.16,2019-10-03 03:04:56
463,Tautira,PF,80.33,80.01,80.6,65,20,12.75,-149.15,-17.73,2019-10-03 03:08:16
464,Levice,SK,50.02,48.99,51.01,71,75,8.05,18.6,48.22,2019-10-03 03:09:35
465,Moron,HT,80.23,80.23,80.23,77,100,2.68,-74.26,18.56,2019-10-03 03:09:36
466,Coupar Angus,GB,36.99,34.0,39.99,93,0,5.82,-3.27,56.55,2019-10-03 03:09:37
467,Lingao,CN,80.23,80.23,80.23,80,0,3.04,109.69,19.91,2019-10-03 03:09:39
468,Louis Trichardt,ZA,46.52,46.52,46.52,92,1,4.18,29.91,-23.04,2019-10-03 03:09:40
469,Kalmunai,LK,83.56,83.56,83.56,65,2,5.21,81.82,7.42,2019-10-03 03:09:41
470,Thompson,CA,26.6,26.6,26.6,73,5,4.52,-97.86,55.74,2019-10-03 03:07:50
471,Novo Aripuana,BR,80.39,80.39,80.39,63,92,2.48,-60.38,-5.12,2019-10-03 03:09:43
472,Tarko-Sale,RU,46.0,46.0,46.0,95,100,1.01,77.78,64.92,2019-10-03 03:09:45
473,Dali,CN,68.75,68.75,68.75,67,100,8.63,109.94,34.79,2019-10-03 03:09:46
474,Chumikan,RU,38.78,38.78,38.78,36,33,5.91,135.31,54.72,2019-10-03 03:09:47
475,Mahasamund,IN,77.0,77.0,77.0,94,20,4.7,82.1,21.11,2019-10-03 03:09:48
476,Yomou,GN,71.07,71.07,71.07,99,100,1.43,-9.26,7.57,2019-10-03 03:09:49
477,Mopti,ML,83.49,83.49,83.49,58,69,8.81,-4.19,14.49,2019-10-03 03:09:51
478,Tutoia,BR,72.92,72.92,72.92,86,0,4.88,-42.27,-2.76,2019-10-03 03:05:57
479,Quelimane,MZ,72.18,72.18,72.18,90,99,4.54,36.89,-17.88,2019-10-03 03:09:53
480,Anadyr,RU,33.39,33.01,33.8,64,75,8.95,177.51,64.73,2019-10-03 03:09:54
481,Saint-Leu,RE,69.24,62.01,73.4,73,0,4.7,55.28,-21.15,2019-10-03 03:09:55
482,Mogadishu,SO,76.41,76.41,76.41,86,99,7.52,45.34,2.04,2019-10-03 03:08:57
483,Kisangani,CD,70.04,70.04,70.04,99,100,2.55,25.21,0.52,2019-10-03 03:09:58
484,Sakaiminato,JP,85.17,84.2,86.0,62,20,21.92,133.23,35.55,2019-10-03 03:09:59
485,Neijiang,CN,75.21,75.21,75.21,80,99,3.85,105.06,29.59,2019-10-03 03:10:00
486,Ahuimanu,US,82.81,77.0,87.8,88,90,10.29,-157.84,21.44,2019-10-03 03:06:39
487,Gwadar,PK,83.72,83.72,83.72,77,100,5.57,62.33,25.12,2019-10-03 03:10:03
488,Oranjestad,AW,84.2,84.2,84.2,79,40,14.99,-70.03,12.52,2019-10-03 03:05:44
489,Cotonou,BJ,75.2,75.2,75.2,94,20,4.7,2.43,6.37,2019-10-03 03:10:05
490,Verkhoyansk,RU,26.77,26.77,26.77,40,100,6.04,133.39,67.55,2019-10-03 03:06:11
491,Pozo Colorado,PY,60.92,60.92,60.92,83,100,6.29,-58.8,-23.49,2019-10-03 03:10:07
492,Rosetta,EG,68.0,68.0,68.0,94,0,9.15,30.42,31.4,2019-10-03 03:10:09
493,Baker City,US,47.71,43.0,51.8,49,1,8.05,-117.83,44.77,2019-10-03 03:10:10
494,Kuryk,KZ,58.77,58.77,58.77,30,0,8.97,51.68,43.18,2019-10-03 03:10:11
495,Borovichi,RU,42.45,42.45,42.45,92,100,3.83,33.91,58.39,2019-10-03 03:10:12
496,Hobyo,SO,78.47,78.47,78.47,86,100,6.38,48.53,5.35,2019-10-03 03:08:52
497,Fairbanks,US,36.43,35.01,37.99,100,90,9.17,-147.72,64.84,2019-10-03 03:01:45
498,Hervey Bay,AU,77.43,77.0,78.01,44,0,12.75,152.85,-25.3,2019-10-03 03:10:16
499,Bandarbeyla,SO,75.93,75.93,75.93,81,100,4.18,50.81,9.49,2019-10-03 03:10:17
500,Zhigansk,RU,27.6,27.6,27.6,64,23,3.74,123.37,66.77,2019-10-03 03:10:18
501,Evensk,RU,36.81,36.81,36.81,32,0,8.34,159.24,61.92,2019-10-03 03:10:20
502,Isernia,IT,61.59,60.01,64.4,93,75,4.7,14.24,41.6,2019-10-03 03:10:21
503,Longyearbyen,NO,35.6,35.6,35.6,74,75,18.34,15.63,78.22,2019-10-03 03:10:22
504,Mareeba,AU,80.13,75.0,82.99,57,75,20.8,145.42,-16.99,2019-10-03 03:10:23
505,Preobrazheniye,RU,69.39,69.39,69.39,55,100,4.99,133.91,42.9,2019-10-03 03:10:25
506,Greencastle,US,73.42,68.0,77.0,83,1,5.44,-86.86,39.64,2019-10-03 03:10:26
507,Tornio,FI,37.8,36.0,39.2,86,90,5.82,27.27,61.12,2019-10-03 03:10:27
508,Rimbey,CA,33.8,33.8,33.8,80,40,8.05,-114.24,52.64,2019-10-03 03:10:28
509,Tinogboc,PH,82.93,82.93,82.93,70,83,3.78,121.41,12.01,2019-10-03 03:10:30
510,Flinders,AU,81.97,73.99,86.0,16,20,10.29,150.85,-34.58,2019-10-03 03:10:19
511,Ryzdvyanyy,RU,50.86,50.0,51.8,93,0,6.71,41.84,45.26,2019-10-03 03:10:32
512,Padang,ID,78.34,78.34,78.34,84,97,14.23,100.36,-0.92,2019-10-03 03:10:33
513,Vilani,LV,44.37,44.37,44.37,94,100,7.23,26.92,56.55,2019-10-03 03:10:35
514,Aalen,DE,39.85,37.99,42.01,86,0,3.36,10.09,48.84,2019-10-03 03:06:18
515,Pedasi,PA,73.14,73.14,73.14,90,100,4.05,-80.03,7.53,2019-10-03 03:10:37
516,Cap Malheureux,MU,73.26,73.0,73.4,94,75,8.05,57.61,-19.98,2019-10-03 03:10:38
517,Cidreira,BR,63.87,63.87,63.87,89,100,10.22,-50.22,-30.17,2019-10-03 03:10:09
518,Paramirim,BR,67.95,67.95,67.95,75,0,9.15,-42.24,-13.44,2019-10-03 03:10:40
519,Chandbali,IN,85.59,85.59,85.59,69,100,5.39,86.74,20.77,2019-10-03 03:10:42
520,Songkhla,TH,82.35,80.6,84.2,79,75,3.36,100.6,7.2,2019-10-03 03:10:43
521,Camargo,MX,72.98,72.98,72.98,70,14,4.18,-105.17,27.69,2019-10-03 03:10:44
522,Cuambog,PH,88.84,87.8,90.0,66,20,4.7,125.85,7.31,2019-10-03 03:10:45
523,El Seibo,DO,75.2,75.2,75.2,94,40,3.56,-69.04,18.76,2019-10-03 03:10:47
524,Fort Nelson,CA,55.4,55.4,55.4,71,75,0.6,-122.69,58.81,2019-10-03 03:10:48
525,Nong Khai,TH,85.55,84.2,87.8,70,20,4.7,102.75,17.88,2019-10-03 03:10:49
526,Zhireken,RU,40.95,40.95,40.95,28,0,3.78,117.29,52.82,2019-10-03 03:10:50
527,Benjamin Aceval,PY,64.4,64.4,64.4,88,90,6.93,-57.57,-24.97,2019-10-03 03:10:51
528,Ugoofaaru,MV,83.27,83.27,83.27,71,45,7.36,73.0,5.67,2019-10-03 03:10:53
529,Luau,CD,67.18,67.18,67.18,79,24,1.36,22.23,-10.7,2019-10-03 03:10:54
530,Zhigalovo,RU,37.08,37.08,37.08,51,69,5.03,105.15,54.81,2019-10-03 03:10:55
531,Bedele,ET,53.59,53.59,53.59,96,1,3.67,36.35,8.46,2019-10-03 03:10:56
532,Challans,FR,48.31,46.4,50.0,81,90,5.82,-1.88,46.85,2019-10-03 03:10:57
533,West Odessa,US,80.6,79.0,82.4,51,75,11.41,-102.48,31.84,2019-10-03 03:10:59
534,Nouadhibou,MR,82.4,82.4,82.4,48,36,14.99,-17.03,20.93,2019-10-03 03:11:00
535,Qorveh,IR,47.25,47.25,47.25,65,7,0.49,47.8,35.17,2019-10-03 03:11:01
536,Lianzhou,CN,85.59,85.59,85.59,42,0,3.06,112.38,24.79,2019-10-03 03:11:03
537,Egvekinot,RU,29.42,29.42,29.42,93,100,2.48,-179.17,66.32,2019-10-03 03:11:04
